X1,X2,X3,X4,X5,X6,X7,X8,X9,X10,X11,X12,X13,X14,X15,X16,X17,X18,X19,X20,X21,X22,X23,X24,X25,X26
Sequence,G ,T ,A ,T ,T ,C ,C ,C ,C ,C ,C ,G ,C ,A ,T ,G ,C ,G ,G ,G ,G ,G ,T ,T ,A
229597,.,.,.,.,.,.,.,.,.,.,.,.,T,G,.,.,.,.,.,.,.,.,.,.,.
229658,.,.,.,.,.,.,.,.,.,.,.,.,T,G,.,.,.,.,.,.,.,.,.,.,.
229719,.,.,.,.,.,.,.,.,.,.,.,.,.,.,.,.,.,.,.,.,.,.,.,.,.
229780,.,.,.,.,.,.,.,.,.,.,.,.,.,.,.,.,.,.,.,.,.,.,.,.,.
229841,.,.,.,.,.,.,.,.,.,.,.,.,.,.,.,.,.,.,.,.,.,.,.,.,.
229902,.,.,.,.,.,.,.,.,.,.,.,.,T,G,.,.,.,.,.,.,.,.,.,.,.
229963,.,.,.,.,.,.,.,.,.,.,.,.,.,.,.,.,.,.,.,.,.,.,.,.,.
230024,.,.,.,.,.,.,.,.,.,.,.,.,T,G,.,.,.,.,.,.,.,.,.,.,.
230085,.,.,.,.,.,.,.,.,.,.,.,.,.,.,.,.,.,.,.,.,.,.,.,.,.
230146,.,.,.,.,.,.,.,.,.,.,.,.,.,.,.,.,.,.,.,.,.,.,.,.,.
230207,.,.,.,.,.,.,.,.,.,.,.,.,T,G,A,.,.,.,.,.,.,.,.,.,.
230268,.,.,.,.,.,.,.,.,.,.,.,.,.,.,.,.,.,.,.,.,.,.,.,.,.
230329,.,.,.,.,.,.,.,.,.,.,.,.,.,.,.,.,.,.,.,.,.,.,.,A,T
